Air India,36791
Gulf Air,36791
Pakistan,36791
Royal Jordanian,36791
Singapore Airlines,36791
Sri Lankan,36791
Turkish,36791
Ukraine International,36791
Air China,36791
Air Europa,20262
Air Transat,20262
China Airlines,20262
China Eastern,20262
El Al,20262
Eva Air,20262
Icelandair,20262
Japan Airlines,20262
Korean,20262
LOT,20262
Luxair,20262
Middle East,20262
Royal Air Maroc,20262
Saudi Arabian Airlines,20262
Saudia,20262
Thai Airways,20262
Vietnam Airlines,20262
Air Baltic,317442
Aurigny,317442
Eastern,317442
JetBlue,317442
Norse,317442
Norweigan,317442
Phillipine Airlines,317442
Virgin,317442
WestJet,317442
Biman Bangladesh,345663
Etihad,345663
Finnair,345663
Qatar,345663
Vueling,345663
Blue Air,345663
Play,345663
Ryanair,345663
WizzAir,345663
Air Moldova,365554
Avianca,365554
Easyjet,365554
Pegasus,365554
Smartwings,365554
TUI / Thomson ,365554
Air Portugal,701411
Condor,701411
Emirates,701411
Jet2.com,701411
Loganair,701411
Oman,701411
Aegean,298828
Aeroflot,298828
Air Canada,298828
Air France,298828
Air Malta,298828
Bulgaria Air,298828
Croatia Airlines,298828
ITA,298828
Kenya Airways,298828
KLM,298828
LATAM/JJ,298828
SAS,298828
Sky Express,298828
Wideroe,298828
Aer Lingus,621184
Aeromexico,621184
American Airlines,621184
Austrian Airways,621184
BA/Cityflyer,621184
Brussels,621184
China Southern,621184
Eurowings,621184
Garuda,621184
Iberia/Express,621184
Kuwait Airways,621184
Lufthansa,621184
SAS,621184
Swiss International,621184
United,621184
Air Algerie,268374
Air New Zealand,268374
All Nippon Airways,268374
Azerbaijan Airlines,268374
Cathay Pacific,268374
Egyptair,268374
Iran Air,268374
Malaysian,268374
Quantas,268374
Royal Brunei,268374
South African Airways,268374
Vistara,268374
Tunisair,268374
Delta,268374
